Gravedad medida (g),Error en la medición de g
9.45179584120983,0.41991477111705966
